-- MySQL Script generated by MySQL Workbench
-- Sun Dec 25 10:15:57 2022
-- Model: New Model    Version: 1.0
-- MySQL Workbench Forward Engineering

SET @OLD_UNIQUE_CHECKS=@@UNIQUE_CHECKS, UNIQUE_CHECKS=0;
SET @OLD_FOREIGN_KEY_CHECKS=@@FOREIGN_KEY_CHECKS, FOREIGN_KEY_CHECKS=0;
SET @OLD_SQL_MODE=@@SQL_MODE, SQL_MODE='ONLY_FULL_GROUP_BY,STRICT_TRANS_TABLES,NO_ZERO_IN_DATE,NO_ZERO_DATE,ERROR_FOR_DIVISION_BY_ZERO,NO_ENGINE_SUBSTITUTION';

-- -----------------------------------------------------
-- Schema test_javan_yonathan
-- -----------------------------------------------------

-- -----------------------------------------------------
-- Schema test_javan_yonathan
-- -----------------------------------------------------
CREATE SCHEMA IF NOT EXISTS `test_javan_yonathan` DEFAULT CHARACTER SET utf8 ;
USE `test_javan_yonathan` ;

-- -----------------------------------------------------
-- Table `test_javan_yonathan`.`parents`
-- -----------------------------------------------------
CREATE TABLE IF NOT EXISTS `test_javan_yonathan`.`parents` (
  `parent_id` INT NOT NULL AUTO_INCREMENT,
  `name` VARCHAR(45) NULL,
  `gender` VARCHAR(45) NULL,
  `isDeleted` INT NULL,
  PRIMARY KEY (`parent_id`))
ENGINE = InnoDB;


-- -----------------------------------------------------
-- Table `test_javan_yonathan`.`childrens`
-- -----------------------------------------------------
CREATE TABLE IF NOT EXISTS `test_javan_yonathan`.`childrens` (
  `children_id` INT NOT NULL AUTO_INCREMENT,
  `name` VARCHAR(45) NULL,
  `gender` VARCHAR(45) NULL,
  `parent_id` INT NOT NULL,
  `isDeleted` INT NULL,
  PRIMARY KEY (`children_id`, `parent_id`),
  INDEX `fk_childrens_parents1_idx` (`parent_id` ASC),
  CONSTRAINT `fk_childrens_parents1`
    FOREIGN KEY (`parent_id`)
    REFERENCES `test_javan_yonathan`.`parents` (`parent_id`)
    ON DELETE NO ACTION
    ON UPDATE NO ACTION)
ENGINE = InnoDB;


-- -----------------------------------------------------
-- Table `test_javan_yonathan`.`items`
-- -----------------------------------------------------
CREATE TABLE IF NOT EXISTS `test_javan_yonathan`.`items` (
  `item_id` INT NOT NULL AUTO_INCREMENT,
  `item_name` VARCHAR(45) NULL,
  `price` INT NULL,
  `product_id` VARCHAR(45) NULL,
  PRIMARY KEY (`item_id`))
ENGINE = InnoDB;


-- -----------------------------------------------------
-- Table `test_javan_yonathan`.`parents_item`
-- -----------------------------------------------------
CREATE TABLE IF NOT EXISTS `test_javan_yonathan`.`parents_item` (
  `parents_item_id` INT NOT NULL AUTO_INCREMENT,
  `parents_parent_id` INT NOT NULL,
  `items_item_id` INT NOT NULL,
  `isDeleted` INT NULL,
  PRIMARY KEY (`parents_item_id`, `parents_parent_id`, `items_item_id`),
  INDEX `fk_parents_item_parents1_idx` (`parents_parent_id` ASC),
  INDEX `fk_parents_item_items1_idx` (`items_item_id` ASC),
  CONSTRAINT `fk_parents_item_parents1`
    FOREIGN KEY (`parents_parent_id`)
    REFERENCES `test_javan_yonathan`.`parents` (`parent_id`)
    ON DELETE NO ACTION
    ON UPDATE NO ACTION,
  CONSTRAINT `fk_parents_item_items1`
    FOREIGN KEY (`items_item_id`)
    REFERENCES `test_javan_yonathan`.`items` (`item_id`)
    ON DELETE NO ACTION
    ON UPDATE NO ACTION)
ENGINE = InnoDB;


-- -----------------------------------------------------
-- Table `test_javan_yonathan`.`childrens_item`
-- -----------------------------------------------------
CREATE TABLE IF NOT EXISTS `test_javan_yonathan`.`childrens_item` (
  `childrens_item_id` INT NOT NULL AUTO_INCREMENT,
  `childrens_children_id` INT NOT NULL,
  `items_item_id` INT NOT NULL,
  `isDeleted` INT NULL,
  PRIMARY KEY (`childrens_item_id`, `childrens_children_id`, `items_item_id`),
  INDEX `fk_childrens_item_childrens1_idx` (`childrens_children_id` ASC),
  INDEX `fk_childrens_item_items1_idx` (`items_item_id` ASC),
  CONSTRAINT `fk_childrens_item_childrens1`
    FOREIGN KEY (`childrens_children_id`)
    REFERENCES `test_javan_yonathan`.`childrens` (`children_id`)
    ON DELETE NO ACTION
    ON UPDATE NO ACTION,
  CONSTRAINT `fk_childrens_item_items1`
    FOREIGN KEY (`items_item_id`)
    REFERENCES `test_javan_yonathan`.`items` (`item_id`)
    ON DELETE NO ACTION
    ON UPDATE NO ACTION)
ENGINE = InnoDB;


SET SQL_MODE=@OLD_SQL_MODE;
SET FOREIGN_KEY_CHECKS=@OLD_FOREIGN_KEY_CHECKS;
SET UNIQUE_CHECKS=@OLD_UNIQUE_CHECKS;

-- -----------------------------------------------------
-- Data for table `test_javan_yonathan`.`parents`
-- -----------------------------------------------------
START TRANSACTION;
USE `test_javan_yonathan`;
INSERT INTO `test_javan_yonathan`.`parents` (`parent_id`, `name`, `gender`, `isDeleted`) VALUES (1, 'Bani', 'Male', 0);
INSERT INTO `test_javan_yonathan`.`parents` (`parent_id`, `name`, `gender`, `isDeleted`) VALUES (2, 'Budi', 'Male', 0);
INSERT INTO `test_javan_yonathan`.`parents` (`parent_id`, `name`, `gender`, `isDeleted`) VALUES (3, 'Nida', 'Female', 0);
INSERT INTO `test_javan_yonathan`.`parents` (`parent_id`, `name`, `gender`, `isDeleted`) VALUES (4, 'Andi', 'Male', 0);
INSERT INTO `test_javan_yonathan`.`parents` (`parent_id`, `name`, `gender`, `isDeleted`) VALUES (5, 'Sigit', 'Male', 0);

COMMIT;


-- -----------------------------------------------------
-- Data for table `test_javan_yonathan`.`childrens`
-- -----------------------------------------------------
START TRANSACTION;
USE `test_javan_yonathan`;
INSERT INTO `test_javan_yonathan`.`childrens` (`children_id`, `name`, `gender`, `parent_id`, `isDeleted`) VALUES (1, 'Budi', 'Male', 1, 0);
INSERT INTO `test_javan_yonathan`.`childrens` (`children_id`, `name`, `gender`, `parent_id`, `isDeleted`) VALUES (2, 'Nida', 'Female', 1, 0);
INSERT INTO `test_javan_yonathan`.`childrens` (`children_id`, `name`, `gender`, `parent_id`, `isDeleted`) VALUES (3, 'Andi', 'Male', 1, 0);
INSERT INTO `test_javan_yonathan`.`childrens` (`children_id`, `name`, `gender`, `parent_id`, `isDeleted`) VALUES (4, 'Sigit', 'Male', 1, 0);
INSERT INTO `test_javan_yonathan`.`childrens` (`children_id`, `name`, `gender`, `parent_id`, `isDeleted`) VALUES (5, 'Hari', 'Male', 2, 0);
INSERT INTO `test_javan_yonathan`.`childrens` (`children_id`, `name`, `gender`, `parent_id`, `isDeleted`) VALUES (6, 'Siti', 'Female', 2, 0);
INSERT INTO `test_javan_yonathan`.`childrens` (`children_id`, `name`, `gender`, `parent_id`, `isDeleted`) VALUES (7, 'Bila', 'Female', 3, 0);
INSERT INTO `test_javan_yonathan`.`childrens` (`children_id`, `name`, `gender`, `parent_id`, `isDeleted`) VALUES (8, 'Lesti', 'Female', 3, 0);
INSERT INTO `test_javan_yonathan`.`childrens` (`children_id`, `name`, `gender`, `parent_id`, `isDeleted`) VALUES (9, 'Diki', 'Male', 4, 0);
INSERT INTO `test_javan_yonathan`.`childrens` (`children_id`, `name`, `gender`, `parent_id`, `isDeleted`) VALUES (10, 'Doni', 'Male', 5, 0);
INSERT INTO `test_javan_yonathan`.`childrens` (`children_id`, `name`, `gender`, `parent_id`, `isDeleted`) VALUES (11, 'Toni', 'Male', 5, 0);

COMMIT;


-- -----------------------------------------------------
-- Data for table `test_javan_yonathan`.`items`
-- -----------------------------------------------------
START TRANSACTION;
USE `test_javan_yonathan`;
INSERT INTO `test_javan_yonathan`.`items` (`item_id`, `item_name`, `price`, `product_id`) VALUES (1, 'Samsung Universe 9', 1249, '3');
INSERT INTO `test_javan_yonathan`.`items` (`item_id`, `item_name`, `price`, `product_id`) VALUES (2, 'Samsung Galaxy Book', 1499, '7');
INSERT INTO `test_javan_yonathan`.`items` (`item_id`, `item_name`, `price`, `product_id`) VALUES (3, 'iPhone 9', 549, '1');
INSERT INTO `test_javan_yonathan`.`items` (`item_id`, `item_name`, `price`, `product_id`) VALUES (4, 'iPhone X', 899, '2');
INSERT INTO `test_javan_yonathan`.`items` (`item_id`, `item_name`, `price`, `product_id`) VALUES (5, 'Huawei P30', 499, '5');

COMMIT;


-- -----------------------------------------------------
-- Data for table `test_javan_yonathan`.`parents_item`
-- -----------------------------------------------------
START TRANSACTION;
USE `test_javan_yonathan`;
INSERT INTO `test_javan_yonathan`.`parents_item` (`parents_item_id`, `parents_parent_id`, `items_item_id`, `isDeleted`) VALUES (1, 2, 1, 0);
INSERT INTO `test_javan_yonathan`.`parents_item` (`parents_item_id`, `parents_parent_id`, `items_item_id`, `isDeleted`) VALUES (2, 4, 1, 0);
INSERT INTO `test_javan_yonathan`.`parents_item` (`parents_item_id`, `parents_parent_id`, `items_item_id`, `isDeleted`) VALUES (3, 2, 2, 0);
INSERT INTO `test_javan_yonathan`.`parents_item` (`parents_item_id`, `parents_parent_id`, `items_item_id`, `isDeleted`) VALUES (4, 3, 5, 0);
INSERT INTO `test_javan_yonathan`.`parents_item` (`parents_item_id`, `parents_parent_id`, `items_item_id`, `isDeleted`) VALUES (5, 5, 5, 0);

COMMIT;


-- -----------------------------------------------------
-- Data for table `test_javan_yonathan`.`childrens_item`
-- -----------------------------------------------------
START TRANSACTION;
USE `test_javan_yonathan`;
INSERT INTO `test_javan_yonathan`.`childrens_item` (`childrens_item_id`, `childrens_children_id`, `items_item_id`, `isDeleted`) VALUES (1, 1, 1, 0);
INSERT INTO `test_javan_yonathan`.`childrens_item` (`childrens_item_id`, `childrens_children_id`, `items_item_id`, `isDeleted`) VALUES (2, 3, 1, 0);
INSERT INTO `test_javan_yonathan`.`childrens_item` (`childrens_item_id`, `childrens_children_id`, `items_item_id`, `isDeleted`) VALUES (3, 7, 1, 0);
INSERT INTO `test_javan_yonathan`.`childrens_item` (`childrens_item_id`, `childrens_children_id`, `items_item_id`, `isDeleted`) VALUES (4, 1, 2, 0);
INSERT INTO `test_javan_yonathan`.`childrens_item` (`childrens_item_id`, `childrens_children_id`, `items_item_id`, `isDeleted`) VALUES (5, 9, 2, 0);
INSERT INTO `test_javan_yonathan`.`childrens_item` (`childrens_item_id`, `childrens_children_id`, `items_item_id`, `isDeleted`) VALUES (6, 5, 3, 0);
INSERT INTO `test_javan_yonathan`.`childrens_item` (`childrens_item_id`, `childrens_children_id`, `items_item_id`, `isDeleted`) VALUES (7, 6, 4, 0);
INSERT INTO `test_javan_yonathan`.`childrens_item` (`childrens_item_id`, `childrens_children_id`, `items_item_id`, `isDeleted`) VALUES (8, 8, 4, 0);
INSERT INTO `test_javan_yonathan`.`childrens_item` (`childrens_item_id`, `childrens_children_id`, `items_item_id`, `isDeleted`) VALUES (9, 10, 4, 0);
INSERT INTO `test_javan_yonathan`.`childrens_item` (`childrens_item_id`, `childrens_children_id`, `items_item_id`, `isDeleted`) VALUES (10, 2, 5, 0);
INSERT INTO `test_javan_yonathan`.`childrens_item` (`childrens_item_id`, `childrens_children_id`, `items_item_id`, `isDeleted`) VALUES (11, 4, 5, 0);
INSERT INTO `test_javan_yonathan`.`childrens_item` (`childrens_item_id`, `childrens_children_id`, `items_item_id`, `isDeleted`) VALUES (12, 8, 5, 0);

COMMIT;

